TrajectName;ShipID;CEMTKlasse;Width;Length
Traject1;1BDF354D-2A8B-4AA6-A6F3-D4A923639340;III;8.0;73.0
Traject2;1BDF354D-2A8B-4AA6-A6F3-D4A923639340;III;8.0;73.0
Traject1;D13DB345-C2FA-4B0B-850F-1FDA0EA57C47;I;5.0;39.0
Traject2;D13DB345-C2FA-4B0B-850F-1FDA0EA57C47;I;5.0;39.0
Traject1;EB74EEF2-42EA-4095-8A6C-F630B94DB605;III;8.0;55.0
Traject2;EB74EEF2-42EA-4095-8A6C-F630B94DB605;III;8.0;55.0
Traject1;F8EC2713-6795-4878-82BA-05EDE22A45B6;IV;9.0;80.0
Traject2;F8EC2713-6795-4878-82BA-05EDE22A45B6;IV;9.0;80.0
Traject1;F32F32DE-1248-424B-B9C1-394E5B3D5F80;III;8.0;77.0
Traject2;F32F32DE-1248-424B-B9C1-394E5B3D5F80;III;8.0;77.0
Traject1;F8A7C71E-C315-4BB3-9837-4C0B063E2790;IV;9.0;90.0
Traject2;F8A7C71E-C315-4BB3-9837-4C0B063E2790;IV;9.0;90.0
Traject1;27533C85-C593-4FFF-8EF2-FADA4850F477;IV;8.0;85.0
Traject2;27533C85-C593-4FFF-8EF2-FADA4850F477;IV;8.0;85.0
Traject1;6C2476F5-A9A8-408A-AFFC-6EDBE102D23B;III;6.0;55.0
Traject2;6C2476F5-A9A8-408A-AFFC-6EDBE102D23B;III;6.0;55.0
Traject1;B7F936A4-A55A-4626-99C9-8B8AC3FD356A;I;5.0;38.0
Traject2;B7F936A4-A55A-4626-99C9-8B8AC3FD356A;I;5.0;38.0
Traject1;162F1D7D-8AFD-4780-8870-A96D858B946C;III;6.0;75.0
Traject2;162F1D7D-8AFD-4780-8870-A96D858B946C;III;6.0;75.0
Traject1;D3B64B63-F30F-490F-8B6B-412BA80CD64F;I;5.0;39.0
Traject2;D3B64B63-F30F-490F-8B6B-412BA80CD64F;I;5.0;39.0
Traject1;F9168C3E-E541-40AC-86BC-7D5E8D67E7E3;I;5.0;39.0
Traject2;F9168C3E-E541-40AC-86BC-7D5E8D67E7E3;I;5.0;39.0
Traject1;10BB919C-AF0C-4CA5-9BB3-45573C46A5AB;IV;9.0;85.0
Traject2;10BB919C-AF0C-4CA5-9BB3-45573C46A5AB;IV;9.0;85.0
Traject1;2254F8E2-5FFF-4918-9B78-31C37F917948;III;5.0;60.0
Traject2;2254F8E2-5FFF-4918-9B78-31C37F917948;III;5.0;60.0
Traject1;EBF7A9E7-6A5E-4397-8199-8748378CA751;III;7.0;58.0
Traject2;EBF7A9E7-6A5E-4397-8199-8748378CA751;III;7.0;58.0
Traject1;484F2181-160D-455F-9BFC-8A695CD09BC1;IV;8.0;80.0
Traject2;484F2181-160D-455F-9BFC-8A695CD09BC1;IV;8.0;80.0
Traject1;80DF18C6-FC39-4608-952D-1B3046B762B7;Va;10.0;85.0
Traject2;80DF18C6-FC39-4608-952D-1B3046B762B7;Va;10.0;85.0
Traject1;45245BD8-F99A-469B-9D9E-45AC208D9603;III;5.0;57.0
Traject2;45245BD8-F99A-469B-9D9E-45AC208D9603;III;5.0;57.0
Traject1;A6EDDA52-47B5-4324-A9B1-BC720E4332BF;I;5.0;39.0
Traject2;A6EDDA52-47B5-4324-A9B1-BC720E4332BF;I;5.0;39.0
Traject1;7D97DA05-35C8-4402-81E2-1D3952EE089A;IV;9.0;80.0
Traject2;7D97DA05-35C8-4402-81E2-1D3952EE089A;IV;9.0;80.0
Traject1;AD741E6B-07B1-4C5A-BDD2-35F3A7CB8F19;IV;9.0;80.0
Traject2;AD741E6B-07B1-4C5A-BDD2-35F3A7CB8F19;IV;9.0;80.0
Traject1;BBC9012A-E5E4-4554-B0BF-857014BBD411;II;6.0;39.0
Traject2;BBC9012A-E5E4-4554-B0BF-857014BBD411;II;6.0;39.0
Traject1;E9B238BA-8211-4477-9F15-CBF1FF3A996D;II;6.0;39.0
Traject2;E9B238BA-8211-4477-9F15-CBF1FF3A996D;II;6.0;39.0
Traject1;5D23BFBB-B70F-4A2C-A2EC-2FC72388B928;IV;8.0;80.0
Traject2;5D23BFBB-B70F-4A2C-A2EC-2FC72388B928;IV;8.0;80.0
Traject1;6292B517-0EB2-403D-99F4-51E46B61CEBB;III;5.0;57.0
Traject2;6292B517-0EB2-403D-99F4-51E46B61CEBB;III;5.0;57.0
Traject1;C35D0015-DBDE-4A48-9BC4-56754F590670;IV;9.0;85.0
Traject2;C35D0015-DBDE-4A48-9BC4-56754F590670;IV;9.0;85.0
Traject1;9C857038-9E0D-4BE7-A1DD-33F06F422F4E;I;5.0;39.0
Traject2;9C857038-9E0D-4BE7-A1DD-33F06F422F4E;I;5.0;39.0
Traject1;A99F744C-863F-4F19-BB33-F85D04557C74;III;5.0;79.0
Traject2;A99F744C-863F-4F19-BB33-F85D04557C74;III;5.0;79.0
Traject1;6C24204D-EB72-4377-9819-5A05A735B478;I;5.0;38.0
Traject2;6C24204D-EB72-4377-9819-5A05A735B478;I;5.0;38.0
Traject1;E280529D-0C78-49F0-853C-7ECB03FD1242;Va;10.0;85.0
Traject2;E280529D-0C78-49F0-853C-7ECB03FD1242;Va;10.0;85.0
Traject1;A29A5CC5-E02B-4824-838C-9398CD66E9C8;I;5.0;39.0
Traject2;A29A5CC5-E02B-4824-838C-9398CD66E9C8;I;5.0;39.0
Traject1;E55B400A-10EC-414F-9295-022FAFAE7FD8;III;7.0;55.0
Traject2;E55B400A-10EC-414F-9295-022FAFAE7FD8;III;7.0;55.0
Traject1;A89A4BF8-20C2-476D-A9D8-6A1A6583CEFE;I;5.0;39.0
Traject2;A89A4BF8-20C2-476D-A9D8-6A1A6583CEFE;I;5.0;39.0
Traject1;0B6729E8-A714-4AB9-940C-FA9BB0AF3F69;IV;9.0;86.0
Traject2;0B6729E8-A714-4AB9-940C-FA9BB0AF3F69;IV;9.0;86.0
Traject1;917B88D4-B09C-4416-A821-DAA7D24E07C8;IV;9.0;86.0
Traject2;917B88D4-B09C-4416-A821-DAA7D24E07C8;IV;9.0;86.0
Traject1;18E2FA73-B113-438A-898D-B55975721359;-1;nan;nan
Traject2;18E2FA73-B113-438A-898D-B55975721359;-1;nan;nan
Traject1;6E6A0020-03BA-41BA-922D-34F92B4E5B92;IV;8.0;80.0
Traject2;6E6A0020-03BA-41BA-922D-34F92B4E5B92;IV;8.0;80.0
Traject1;B831121E-E4E7-4174-B519-AAA2644F3666;IV;9.0;80.0
Traject2;B831121E-E4E7-4174-B519-AAA2644F3666;IV;9.0;80.0
Traject1;6A547B37-542A-4BAA-9CC5-9FF64B707175;III;7.0;64.0
Traject2;6A547B37-542A-4BAA-9CC5-9FF64B707175;III;7.0;64.0
Traject1;02596366-79B3-484B-9F7F-CAF77820AEE8;IV;9.0;80.0
Traject2;02596366-79B3-484B-9F7F-CAF77820AEE8;IV;9.0;80.0
Traject1;A743CAC9-AE22-4669-A4EF-749BBA7E49D2;Va;10.0;105.0
Traject2;A743CAC9-AE22-4669-A4EF-749BBA7E49D2;Va;10.0;105.0
Traject1;9B519592-D55E-40DE-B3AD-9908FA7962B7;IV;9.0;80.0
Traject2;9B519592-D55E-40DE-B3AD-9908FA7962B7;IV;9.0;80.0
Traject1;677CA2D9-CB12-41E5-A49A-9EE5455EC45D;II;6.0;40.0
Traject2;677CA2D9-CB12-41E5-A49A-9EE5455EC45D;II;6.0;40.0
Traject1;6FE94738-0A92-4E3F-944E-7892971EF5B7;III;8.0;73.0
Traject2;6FE94738-0A92-4E3F-944E-7892971EF5B7;III;8.0;73.0
Traject1;461B9AD1-6FF1-4C10-B43B-0E1EC883B9A0;IV;9.0;80.0
Traject2;461B9AD1-6FF1-4C10-B43B-0E1EC883B9A0;IV;9.0;80.0
Traject1;F9D7F8D0-EDD1-426C-8F45-5666024D10AA;I;5.0;42.0
Traject2;F9D7F8D0-EDD1-426C-8F45-5666024D10AA;I;5.0;42.0
Traject1;3306DB50-84CD-43F2-A86C-8D1778EB6F4C;Vb;6.0;207.0
Traject2;3306DB50-84CD-43F2-A86C-8D1778EB6F4C;Vb;6.0;207.0
Traject1;826979FB-F654-4B7B-BA20-0C4235E0709D;IV;8.0;80.0
Traject2;826979FB-F654-4B7B-BA20-0C4235E0709D;IV;8.0;80.0
Traject1;7C2DB681-3749-4E9A-B2EA-D5A776A242B4;III;7.0;67.0
Traject2;7C2DB681-3749-4E9A-B2EA-D5A776A242B4;III;7.0;67.0
Traject1;C05B73C9-5AB3-41EC-983D-104DEF3001EF;IV;9.0;86.0
Traject2;C05B73C9-5AB3-41EC-983D-104DEF3001EF;IV;9.0;86.0
Traject1;AB7DBBB7-CDCC-41A6-9FE8-7BE0CA3D584A;I;5.0;39.0
Traject2;AB7DBBB7-CDCC-41A6-9FE8-7BE0CA3D584A;I;5.0;39.0
Traject1;9CB1495B-B6E6-4C42-9B22-71CB8A57D390;III;6.0;65.0
Traject2;9CB1495B-B6E6-4C42-9B22-71CB8A57D390;III;6.0;65.0
Traject1;DD3B945F-BD39-4D95-9C20-DC037BDA565D;IV;8.0;80.0
Traject2;DD3B945F-BD39-4D95-9C20-DC037BDA565D;IV;8.0;80.0
Traject1;B1C13EB6-2FBD-449E-804D-E8182FE99461;-1;nan;nan
Traject2;B1C13EB6-2FBD-449E-804D-E8182FE99461;-1;nan;nan
Traject1;4A110942-7B55-4501-A155-8D674340C910;IV;9.0;80.0
Traject2;4A110942-7B55-4501-A155-8D674340C910;IV;9.0;80.0
Traject1;54D1AAC7-19C0-4A5B-97A2-E5412CE9F62C;Va;11.0;105.0
Traject2;54D1AAC7-19C0-4A5B-97A2-E5412CE9F62C;Va;11.0;105.0
Traject1;D554E0CD-265A-4BBE-B8F6-D95935A715A2;Va;10.0;105.0
Traject2;D554E0CD-265A-4BBE-B8F6-D95935A715A2;Va;10.0;105.0
Traject1;E099D392-DF9C-4629-985A-11BA5EDDF4B2;Va;11.0;110.0
Traject2;E099D392-DF9C-4629-985A-11BA5EDDF4B2;Va;11.0;110.0
Traject1;B4B77A83-E2F7-4007-967E-FCE4817A98BA;III;8.0;75.0
Traject2;B4B77A83-E2F7-4007-967E-FCE4817A98BA;III;8.0;75.0
Traject1;E708E8E4-D38A-4F93-AE31-482739F560A4;Va;9.0;110.0
Traject2;E708E8E4-D38A-4F93-AE31-482739F560A4;Va;9.0;110.0
Traject1;43F45F90-FB10-4A5B-AFB5-C76929599DC8;IV;9.0;85.0
Traject2;43F45F90-FB10-4A5B-AFB5-C76929599DC8;IV;9.0;85.0
Traject1;4889B57E-D4F4-4FA0-9F84-BC18C537D54A;IV;8.0;85.0
Traject2;4889B57E-D4F4-4FA0-9F84-BC18C537D54A;IV;8.0;85.0
Traject1;A5CD48E8-8D9E-4B52-ACE7-EC96D4D7039C;II;6.0;40.0
Traject2;A5CD48E8-8D9E-4B52-ACE7-EC96D4D7039C;II;6.0;40.0
Traject1;64405FC1-4068-4B50-A960-60D723CFC823;Va;10.0;100.0
Traject2;64405FC1-4068-4B50-A960-60D723CFC823;Va;10.0;100.0
Traject1;5818A296-56ED-47D1-9F59-6048A22268D5;Va;11.0;110.0
Traject2;5818A296-56ED-47D1-9F59-6048A22268D5;Va;11.0;110.0
Traject1;2E115B07-1B76-4490-A13A-832289456FF8;IV;8.0;80.0
Traject2;2E115B07-1B76-4490-A13A-832289456FF8;IV;8.0;80.0
Traject1;A3024914-CF84-4901-B3D1-94C80431899B;I;4.0;27.0
Traject2;A3024914-CF84-4901-B3D1-94C80431899B;I;4.0;27.0
Traject1;58503E18-E459-4BBA-B872-65B1864F4974;III;5.0;78.0
Traject2;58503E18-E459-4BBA-B872-65B1864F4974;III;5.0;78.0
Traject1;4C047FF8-3D85-465A-9929-B71470FE5796;I;5.0;39.0
Traject2;4C047FF8-3D85-465A-9929-B71470FE5796;I;5.0;39.0
Traject1;8B38E1AC-A211-4003-9EAA-CAC0A9F8F1D0;IV;8.0;80.0
Traject2;8B38E1AC-A211-4003-9EAA-CAC0A9F8F1D0;IV;8.0;80.0
Traject1;E52BF149-E389-46B6-B89D-CFA5D51C4111;-1;nan;nan
Traject2;E52BF149-E389-46B6-B89D-CFA5D51C4111;-1;nan;nan
Traject1;8D20255C-7BB6-40FB-8DCC-F51EB476A6F2;-1;nan;nan
Traject2;8D20255C-7BB6-40FB-8DCC-F51EB476A6F2;-1;nan;nan
Traject1;B35B1DA3-2480-4A75-9F5A-D6AD7D5C7903;IV;8.0;85.0
Traject2;B35B1DA3-2480-4A75-9F5A-D6AD7D5C7903;IV;8.0;85.0
Traject1;56D71EFE-8EBC-439F-B5B9-A7FB038F1A26;IV;9.0;85.0
Traject2;56D71EFE-8EBC-439F-B5B9-A7FB038F1A26;IV;9.0;85.0
Traject1;6875A269-9DF7-462A-8A7B-0A9AE5694A74;I;5.0;39.0
Traject2;6875A269-9DF7-462A-8A7B-0A9AE5694A74;I;5.0;39.0
Traject1;2EB8145C-D699-4839-A08D-44E4D4066356;I;5.0;39.0
Traject2;2EB8145C-D699-4839-A08D-44E4D4066356;I;5.0;39.0
Traject1;746A1130-7530-4F61-94D7-227479923C54;II;6.0;39.0
Traject2;746A1130-7530-4F61-94D7-227479923C54;II;6.0;39.0
Traject1;5A266DE0-F6FE-4B80-86A0-91C223334B1D;IV;9.0;105.0
Traject2;5A266DE0-F6FE-4B80-86A0-91C223334B1D;IV;9.0;105.0
Traject1;5698E3B3-BD36-47DC-B9DB-6897F5D6A51B;IV;8.0;85.0
Traject2;5698E3B3-BD36-47DC-B9DB-6897F5D6A51B;IV;8.0;85.0
Traject1;3460A86B-3532-43D1-9A44-824F9491DDE0;III;5.0;72.0
Traject2;3460A86B-3532-43D1-9A44-824F9491DDE0;III;5.0;72.0
Traject1;488CAC57-1715-4B9E-A2DB-B33DE684455E;I;5.0;49.0
Traject2;488CAC57-1715-4B9E-A2DB-B33DE684455E;I;5.0;49.0
Traject1;8D7515C8-7823-4BD9-81F9-18533DF2C691;-1;nan;nan
Traject2;8D7515C8-7823-4BD9-81F9-18533DF2C691;-1;nan;nan
Traject1;D4B57BB7-44E6-42A4-BBD3-453C27F54FF2;III;8.0;73.0
Traject2;D4B57BB7-44E6-42A4-BBD3-453C27F54FF2;III;8.0;73.0
Traject1;97E81528-2EDF-41FA-85FE-11A5FE272A60;III;5.0;65.0
Traject2;97E81528-2EDF-41FA-85FE-11A5FE272A60;III;5.0;65.0
Traject1;1B3CD87D-ABDC-499A-8862-9FE0F86BFCD2;I;5.0;39.0
Traject2;1B3CD87D-ABDC-499A-8862-9FE0F86BFCD2;I;5.0;39.0
Traject1;438C74C4-C5A3-49E0-891D-3BA3E1F7996B;II;6.0;47.0
Traject2;438C74C4-C5A3-49E0-891D-3BA3E1F7996B;II;6.0;47.0
Traject1;2EB9B958-5222-4998-BEC0-E1BADA3EB4BB;IV;5.0;80.0
Traject2;2EB9B958-5222-4998-BEC0-E1BADA3EB4BB;IV;5.0;80.0
Traject1;B16776AE-9DF4-4354-A956-7E2EB69CBFE5;III;5.0;57.0
Traject2;B16776AE-9DF4-4354-A956-7E2EB69CBFE5;III;5.0;57.0
Traject1;3E031A4F-0513-48D6-ABE1-E1C52758D141;IV;9.0;85.0
Traject2;3E031A4F-0513-48D6-ABE1-E1C52758D141;IV;9.0;85.0
Traject1;96523053-4BF3-4F8C-AAAA-883CDBE95D0F;Va;10.0;105.0
Traject2;96523053-4BF3-4F8C-AAAA-883CDBE95D0F;Va;10.0;105.0
Traject1;836F8C22-989A-4633-A095-A6B58A045B40;Va;10.0;86.0
Traject2;836F8C22-989A-4633-A095-A6B58A045B40;Va;10.0;86.0
Traject1;48089C01-7EEC-4523-8464-79AC4E4BE21D;I;5.0;40.0
Traject2;48089C01-7EEC-4523-8464-79AC4E4BE21D;I;5.0;40.0
Traject1;D9D00780-E074-4ED6-A280-BC20B8636FAD;I;5.0;38.0
Traject2;D9D00780-E074-4ED6-A280-BC20B8636FAD;I;5.0;38.0
Traject1;9255D02D-E122-4A1C-ACDA-EC54EFC71082;Va;10.0;90.0
Traject2;9255D02D-E122-4A1C-ACDA-EC54EFC71082;Va;10.0;90.0
Traject1;323AA165-1A75-45D4-B185-70B0F8DFCC9A;I;5.0;39.0
Traject2;323AA165-1A75-45D4-B185-70B0F8DFCC9A;I;5.0;39.0
Traject1;52D3A0D4-A88A-46B7-8C43-9D56A38F4E7D;II;6.0;20.0
Traject2;52D3A0D4-A88A-46B7-8C43-9D56A38F4E7D;II;6.0;20.0
Traject1;FD2919ED-E6FA-4FE4-8A17-3906D1A8B044;Va;10.0;82.0
Traject2;FD2919ED-E6FA-4FE4-8A17-3906D1A8B044;Va;10.0;82.0
Traject1;51ABFD46-CFC6-421A-97F4-7C8051593DD4;IV;8.0;85.0
Traject2;51ABFD46-CFC6-421A-97F4-7C8051593DD4;IV;8.0;85.0
Traject1;C1A2BD32-B789-42FE-A53F-930D23718009;IV;8.0;80.0
Traject2;C1A2BD32-B789-42FE-A53F-930D23718009;IV;8.0;80.0
Traject1;EAD2E9D4-48C2-44CD-A10B-73A7BADC11EF;III;8.0;73.0
Traject2;EAD2E9D4-48C2-44CD-A10B-73A7BADC11EF;III;8.0;73.0
Traject1;3EF97753-CD10-447F-BAFD-0A496EF734F3;I;5.0;39.0
Traject2;3EF97753-CD10-447F-BAFD-0A496EF734F3;I;5.0;39.0
Traject1;D467C132-01C8-48F5-B3AB-0255C32CFD10;I;5.0;39.0
Traject2;D467C132-01C8-48F5-B3AB-0255C32CFD10;I;5.0;39.0
Traject1;A7E13E3A-BE03-439A-A47B-9FC19931C91B;I;5.0;39.0
Traject2;A7E13E3A-BE03-439A-A47B-9FC19931C91B;I;5.0;39.0
Traject1;71953025-27D8-4EFB-83FA-9419358342EE;III;5.0;78.0
Traject2;71953025-27D8-4EFB-83FA-9419358342EE;III;5.0;78.0
Traject1;81A02022-F102-4BF4-8965-4483581FE454;I;5.0;39.0
Traject2;81A02022-F102-4BF4-8965-4483581FE454;I;5.0;39.0
Traject1;0A716AEA-F86F-49F5-96EB-E85B78CE5859;IV;9.0;80.0
Traject2;0A716AEA-F86F-49F5-96EB-E85B78CE5859;IV;9.0;80.0
Traject1;E6662036-9931-432D-B371-EDEEBE60EB39;IV;8.0;80.0
Traject2;E6662036-9931-432D-B371-EDEEBE60EB39;IV;8.0;80.0
Traject1;7B6AAEFA-226F-44CF-85D3-717ED74AC9B4;I;5.0;39.0
Traject2;7B6AAEFA-226F-44CF-85D3-717ED74AC9B4;I;5.0;39.0
Traject1;1D4E900C-42CE-4153-BB33-8E410F3F80A1;I;5.0;39.0
Traject2;1D4E900C-42CE-4153-BB33-8E410F3F80A1;I;5.0;39.0
Traject1;8A852B3E-0C02-480B-A9CA-B74B0F103E73;I;5.0;39.0
Traject2;8A852B3E-0C02-480B-A9CA-B74B0F103E73;I;5.0;39.0
Traject1;2A8A8DD2-624C-4132-8836-EECCBF1E77D7;IV;9.0;81.0
Traject2;2A8A8DD2-624C-4132-8836-EECCBF1E77D7;IV;9.0;81.0
Traject1;D00CC10B-9DC5-49FE-B849-E6C38F1D39B8;III;5.0;78.0
Traject2;D00CC10B-9DC5-49FE-B849-E6C38F1D39B8;III;5.0;78.0
Traject1;B974D211-2DD5-46EE-B063-854C4D5B32DA;-1;nan;nan
Traject2;B974D211-2DD5-46EE-B063-854C4D5B32DA;-1;nan;nan
Traject1;4796D5E1-E373-41EA-86E0-84E619F1505D;Va;10.0;105.0
Traject2;4796D5E1-E373-41EA-86E0-84E619F1505D;Va;10.0;105.0
Traject1;8B786080-7E6C-40D2-B1E9-578C06C39B4A;IV;5.0;80.0
Traject2;8B786080-7E6C-40D2-B1E9-578C06C39B4A;IV;5.0;80.0
Traject1;A09AC679-475C-4E9D-8D29-4329E2205181;I;5.0;39.0
Traject2;A09AC679-475C-4E9D-8D29-4329E2205181;I;5.0;39.0
Traject1;8F95AC07-1E40-49BC-8CB3-08E5B5EDE5CF;II;5.0;50.0
Traject2;8F95AC07-1E40-49BC-8CB3-08E5B5EDE5CF;II;5.0;50.0
Traject1;54CA9BE4-DE7D-4644-8E23-2779ABE2E996;Vb;12.0;110.0
Traject2;54CA9BE4-DE7D-4644-8E23-2779ABE2E996;Vb;12.0;110.0
Traject1;C4503B95-CEDD-4CBB-851B-D13817D72BB7;III;8.0;73.0
Traject2;C4503B95-CEDD-4CBB-851B-D13817D72BB7;III;8.0;73.0
Traject1;90F8CA11-F2DB-40BF-A3DB-10DEFBB4E59E;I;5.0;39.0
Traject2;90F8CA11-F2DB-40BF-A3DB-10DEFBB4E59E;I;5.0;39.0
Traject1;95B8B4AF-F201-4967-87A0-915E09A3F152;I;5.0;39.0
Traject2;95B8B4AF-F201-4967-87A0-915E09A3F152;I;5.0;39.0
Traject1;FF27F746-6D64-4136-9116-FD6FB54F7DF5;III;8.0;73.0
Traject2;FF27F746-6D64-4136-9116-FD6FB54F7DF5;III;8.0;73.0
Traject1;563ED8B4-29F8-43F6-827A-BF6D59420AAC;IV;9.0;80.0
Traject2;563ED8B4-29F8-43F6-827A-BF6D59420AAC;IV;9.0;80.0
Traject1;A1896FA6-17E7-414A-8E15-68B4C38B5CC5;I;5.0;38.0
Traject2;A1896FA6-17E7-414A-8E15-68B4C38B5CC5;I;5.0;38.0
Traject1;F3139254-C632-4EDE-ADFE-60190762ED9D;-1;nan;nan
Traject2;F3139254-C632-4EDE-ADFE-60190762ED9D;-1;nan;nan
Traject1;999AF43A-96A3-4BD0-BD79-A97A1534F061;IV;8.0;85.0
Traject2;999AF43A-96A3-4BD0-BD79-A97A1534F061;IV;8.0;85.0
Traject1;05D8C264-37AF-40ED-AB1D-582D04BA45BE;III;6.0;68.0
Traject2;05D8C264-37AF-40ED-AB1D-582D04BA45BE;III;6.0;68.0
Traject1;19FAE727-494C-4DF7-8266-D7CC004C5494;II;7.0;54.0
Traject2;19FAE727-494C-4DF7-8266-D7CC004C5494;II;7.0;54.0
Traject1;6D09C6C4-329C-473E-B233-E7FACA161EED;III;7.0;55.0
Traject2;6D09C6C4-329C-473E-B233-E7FACA161EED;III;7.0;55.0
Traject1;43004E16-C787-489C-AFF8-74825AE58B2D;IV;8.0;85.0
Traject2;43004E16-C787-489C-AFF8-74825AE58B2D;IV;8.0;85.0
Traject1;8C97F20D-897A-44A5-9E1E-06A7EB0C602C;IV;8.0;80.0
Traject2;8C97F20D-897A-44A5-9E1E-06A7EB0C602C;IV;8.0;80.0
Traject1;C6F334C1-3FB0-4C34-8B54-9BD62DD57E93;II;5.0;50.0
Traject2;C6F334C1-3FB0-4C34-8B54-9BD62DD57E93;II;5.0;50.0
Traject1;80677FFE-F352-49EF-870B-68D4FB8B60CB;I;5.0;39.0
Traject2;80677FFE-F352-49EF-870B-68D4FB8B60CB;I;5.0;39.0
Traject1;48258B30-8AFB-4370-8BF3-C5259DCC9F63;I;5.0;39.0
Traject2;48258B30-8AFB-4370-8BF3-C5259DCC9F63;I;5.0;39.0
Traject1;8ADE4796-B562-4E82-ABE0-ACB9391A2733;Va;10.0;105.0
Traject2;8ADE4796-B562-4E82-ABE0-ACB9391A2733;Va;10.0;105.0
Traject1;96CB78E8-83F3-42BF-BD6F-05C5FDAD4261;III;7.0;56.0
Traject2;96CB78E8-83F3-42BF-BD6F-05C5FDAD4261;III;7.0;56.0
Traject1;2FCD9FBB-0738-4957-B26C-EF71C579E673;IV;8.0;80.0
Traject2;2FCD9FBB-0738-4957-B26C-EF71C579E673;IV;8.0;80.0
Traject1;3F9C0443-7A73-4C77-B905-BB35680DC75D;I;5.0;38.0
Traject2;3F9C0443-7A73-4C77-B905-BB35680DC75D;I;5.0;38.0
Traject1;9BB297D6-8726-4EE6-82E0-5BB1835B3858;I;5.0;39.0
Traject2;9BB297D6-8726-4EE6-82E0-5BB1835B3858;I;5.0;39.0
Traject1;55914888-2C8F-4E50-8E51-B40C6011B95E;Va;10.0;84.0
Traject2;55914888-2C8F-4E50-8E51-B40C6011B95E;Va;10.0;84.0
Traject1;5912DCA3-7673-4B16-B9E8-026FDC802A18;Va;10.0;110.0
Traject2;5912DCA3-7673-4B16-B9E8-026FDC802A18;Va;10.0;110.0
Traject1;1E806D28-A1A0-411B-83AE-09CEC3274E7A;I;5.0;39.0
Traject2;1E806D28-A1A0-411B-83AE-09CEC3274E7A;I;5.0;39.0
Traject1;56C7FE66-4469-4027-A2A6-8C047E5CC134;Va;11.0;86.0
Traject2;56C7FE66-4469-4027-A2A6-8C047E5CC134;Va;11.0;86.0
Traject1;3391839B-7DEC-415D-8793-D6CD01FEBCD7;III;8.0;26.0
Traject2;3391839B-7DEC-415D-8793-D6CD01FEBCD7;III;8.0;26.0
Traject1;30D4A2F5-5149-45FE-9708-D6349E0973B8;IV;8.0;82.0
Traject2;30D4A2F5-5149-45FE-9708-D6349E0973B8;IV;8.0;82.0
Traject1;4F28F076-93CB-49C0-8AD7-389B701A84A4;IV;9.0;85.0
Traject2;4F28F076-93CB-49C0-8AD7-389B701A84A4;IV;9.0;85.0
Traject1;B82B7FC7-2E09-4EBA-8B69-E34FFBB57715;I;5.0;39.0
Traject2;B82B7FC7-2E09-4EBA-8B69-E34FFBB57715;I;5.0;39.0
Traject1;1D29FF81-FD48-40F0-88A3-2987FE5AB890;IV;9.0;82.0
Traject2;1D29FF81-FD48-40F0-88A3-2987FE5AB890;IV;9.0;82.0
Traject1;6A202D51-0047-4D36-85C1-A51C8D05C66B;III;7.0;62.0
Traject2;6A202D51-0047-4D36-85C1-A51C8D05C66B;III;7.0;62.0
Traject1;4C1F822D-5B80-4BE3-B4C3-948AF37AECB0;III;4.0;17.0
Traject2;4C1F822D-5B80-4BE3-B4C3-948AF37AECB0;III;4.0;17.0
Traject1;4C1F822D-5B80-4BE3-B4C3-948AF37AECB0;III;4.0;57.0
Traject2;4C1F822D-5B80-4BE3-B4C3-948AF37AECB0;III;4.0;57.0
Traject1;3FCFC589-0405-4495-A34E-8A507B19E961;Va;10.0;105.0
Traject2;3FCFC589-0405-4495-A34E-8A507B19E961;Va;10.0;105.0
Traject1;5773DAE1-0512-4C8C-BD31-2884B6144BEB;-1;nan;nan
Traject2;5773DAE1-0512-4C8C-BD31-2884B6144BEB;-1;nan;nan
Traject1;16763B0A-29E9-44DB-9981-05E4F89FBEEF;III;7.0;67.0
Traject2;16763B0A-29E9-44DB-9981-05E4F89FBEEF;III;7.0;67.0
Traject1;8336ABD6-D707-405E-9CB1-545CF26A7FD2;I;5.0;38.0
Traject2;8336ABD6-D707-405E-9CB1-545CF26A7FD2;I;5.0;38.0
Traject1;19E40B9A-B76E-4534-A42F-B42E3DACC24A;I;4.0;27.0
Traject2;19E40B9A-B76E-4534-A42F-B42E3DACC24A;I;4.0;27.0
Traject1;1DCE08EE-0CF2-4266-B78B-3E7E379610F4;Vb;7.0;342.0
Traject2;1DCE08EE-0CF2-4266-B78B-3E7E379610F4;Vb;7.0;342.0
Traject1;5C7D27D3-6592-41DD-AF11-51C98C23DF11;I;5.0;38.0
Traject2;5C7D27D3-6592-41DD-AF11-51C98C23DF11;I;5.0;38.0
Traject1;4B2D25C7-A945-4C77-963F-A59D1A833D09;I;5.0;39.0
Traject2;4B2D25C7-A945-4C77-963F-A59D1A833D09;I;5.0;39.0
Traject1;C8DDA3E7-EB69-4BAF-B716-BB8790C05076;III;8.0;67.0
Traject2;C8DDA3E7-EB69-4BAF-B716-BB8790C05076;III;8.0;67.0
Traject1;9F777E2D-0219-4824-AC79-8E0107103ACF;III;5.0;72.0
Traject2;9F777E2D-0219-4824-AC79-8E0107103ACF;III;5.0;72.0
Traject1;B717024F-6F11-40C9-A2F9-1EDEF13CF543;III;6.0;61.0
Traject2;B717024F-6F11-40C9-A2F9-1EDEF13CF543;III;6.0;61.0
Traject1;4A21720A-C54F-4978-94EB-8DAA5935DA24;III;5.0;78.0
Traject2;4A21720A-C54F-4978-94EB-8DAA5935DA24;III;5.0;78.0
Traject1;3A4B49AF-FFED-4BA9-B823-0EF1CEA0A0A5;III;7.0;55.0
Traject2;3A4B49AF-FFED-4BA9-B823-0EF1CEA0A0A5;III;7.0;55.0
Traject1;8F2E3089-44B5-4B4E-B377-C53CCCF85CD3;II;6.0;39.0
Traject2;8F2E3089-44B5-4B4E-B377-C53CCCF85CD3;II;6.0;39.0
Traject1;F1FE504C-EC88-4705-8618-C5C6A07832EC;III;8.0;67.0
Traject2;F1FE504C-EC88-4705-8618-C5C6A07832EC;III;8.0;67.0
Traject1;7290BFD1-462C-4B87-8204-4F3DB2CC26D1;I;5.0;39.0
Traject2;7290BFD1-462C-4B87-8204-4F3DB2CC26D1;I;5.0;39.0
Traject1;DEC5C6E3-D748-4EE0-A61B-A804E344BBA2;IV;9.0;85.0
Traject2;DEC5C6E3-D748-4EE0-A61B-A804E344BBA2;IV;9.0;85.0
Traject1;837A2EFD-386F-497D-84F3-C26259C643B5;I;5.0;39.0
Traject2;837A2EFD-386F-497D-84F3-C26259C643B5;I;5.0;39.0
Traject1;E8FBF057-A834-4595-8701-1427512B50EF;III;4.0;67.0
Traject2;E8FBF057-A834-4595-8701-1427512B50EF;III;4.0;67.0
Traject1;C8FE78D8-8190-40E6-9A0D-6A1FCAA6942A;I;5.0;39.0
Traject2;C8FE78D8-8190-40E6-9A0D-6A1FCAA6942A;I;5.0;39.0
Traject1;04B99CD5-01A4-494F-B7A2-6435F05B36CE;Va;10.0;80.0
Traject2;04B99CD5-01A4-494F-B7A2-6435F05B36CE;Va;10.0;80.0
Traject1;BCC05C8E-96D6-4D38-AF89-0541B85BE946;-1;nan;nan
Traject2;BCC05C8E-96D6-4D38-AF89-0541B85BE946;-1;nan;nan
Traject1;39BC38FF-4A2A-42CE-9014-600AC3B13589;-1;nan;nan
Traject2;39BC38FF-4A2A-42CE-9014-600AC3B13589;-1;nan;nan
Traject1;ED15B2CD-B63C-475F-AE08-AA67046DF8CE;IV;9.0;80.0
Traject2;ED15B2CD-B63C-475F-AE08-AA67046DF8CE;IV;9.0;80.0
Traject1;55ED4854-45A7-4646-8028-5DCE13965E2C;III;5.0;79.0
Traject2;55ED4854-45A7-4646-8028-5DCE13965E2C;III;5.0;79.0
Traject1;613DD2F6-C88A-4E27-AFB1-2A4011D3EA18;IV;8.0;80.0
Traject2;613DD2F6-C88A-4E27-AFB1-2A4011D3EA18;IV;8.0;80.0
Traject1;C9CEB485-7A80-40E1-A79E-44EC7A3E284E;IV;9.0;80.0
Traject2;C9CEB485-7A80-40E1-A79E-44EC7A3E284E;IV;9.0;80.0
Traject1;BAC3752F-2BCA-4EE2-9DB0-8F7852149387;IV;9.0;86.0
Traject2;BAC3752F-2BCA-4EE2-9DB0-8F7852149387;IV;9.0;86.0
Traject1;3C39E747-E3EB-42B8-861D-DEBAD8A36D66;Va;10.0;85.0
Traject2;3C39E747-E3EB-42B8-861D-DEBAD8A36D66;Va;10.0;85.0
Traject1;1645E3D7-07E4-44F5-8150-CF4C62D288A8;IV;9.0;80.0
Traject2;1645E3D7-07E4-44F5-8150-CF4C62D288A8;IV;9.0;80.0
Traject1;143D7A4F-8163-4557-B62F-C04B09B192E0;Va;10.0;85.0
Traject2;143D7A4F-8163-4557-B62F-C04B09B192E0;Va;10.0;85.0
Traject1;BED66399-728D-42E2-8074-40394AE3040B;I;5.0;22.0
Traject2;BED66399-728D-42E2-8074-40394AE3040B;I;5.0;22.0
Traject1;5027F0ED-616D-4E85-9EE1-6F53706D5761;I;5.0;39.0
Traject2;5027F0ED-616D-4E85-9EE1-6F53706D5761;I;5.0;39.0
Traject1;5B41CE8A-9181-4DCF-B48C-759BE42C565C;Va;10.0;86.0
Traject2;5B41CE8A-9181-4DCF-B48C-759BE42C565C;Va;10.0;86.0
Traject1;2EDBCDA3-A402-42D0-A807-681B67EFB62D;III;8.0;70.0
Traject2;2EDBCDA3-A402-42D0-A807-681B67EFB62D;III;8.0;70.0
Traject1;B8EA4AD0-E2C7-48C3-9F49-58531F48CF28;Va;10.0;85.0
Traject2;B8EA4AD0-E2C7-48C3-9F49-58531F48CF28;Va;10.0;85.0
Traject1;C1F13DBA-7951-4E37-835D-619ACE8659D0;III;5.0;79.0
Traject2;C1F13DBA-7951-4E37-835D-619ACE8659D0;III;5.0;79.0
Traject1;91333921-4DE3-4F2D-B15A-E63F04006531;I;5.0;39.0
Traject2;91333921-4DE3-4F2D-B15A-E63F04006531;I;5.0;39.0
Traject1;46D24F62-52D7-442A-92A8-4166917ABC6E;III;6.0;55.0
Traject2;46D24F62-52D7-442A-92A8-4166917ABC6E;III;6.0;55.0
Traject1;4E61F2DB-73F4-4A70-9028-8765BDA01C95;III;7.0;70.0
Traject2;4E61F2DB-73F4-4A70-9028-8765BDA01C95;III;7.0;70.0
Traject1;03E0B2B0-8EDD-4789-A218-709E51422078;III;6.0;74.0
Traject2;03E0B2B0-8EDD-4789-A218-709E51422078;III;6.0;74.0
Traject1;242A1031-5F85-44F2-B520-792416752DC2;Va;10.0;85.0
Traject2;242A1031-5F85-44F2-B520-792416752DC2;Va;10.0;85.0
Traject1;E61885BA-DDD0-49D7-A3F0-021BFFC8CF90;Va;10.0;86.0
Traject2;E61885BA-DDD0-49D7-A3F0-021BFFC8CF90;Va;10.0;86.0
Traject1;07666F42-A34B-470C-8B4D-F7536ECC99DF;I;5.0;38.0
Traject2;07666F42-A34B-470C-8B4D-F7536ECC99DF;I;5.0;38.0
Traject1;3AC4E86D-809F-41C9-BFD0-CE0493733F01;III;8.0;75.0
Traject2;3AC4E86D-809F-41C9-BFD0-CE0493733F01;III;8.0;75.0
Traject1;92CA1947-E31D-457D-992B-B7A66E6884BD;IV;9.0;86.0
Traject2;92CA1947-E31D-457D-992B-B7A66E6884BD;IV;9.0;86.0
Traject1;23470323-DB42-4D78-A6EB-4F081759F091;IV;8.0;85.0
Traject2;23470323-DB42-4D78-A6EB-4F081759F091;IV;8.0;85.0
Traject1;D73606EF-956E-405D-B9E7-433189F7D1E6;IV;9.0;0.0
Traject2;D73606EF-956E-405D-B9E7-433189F7D1E6;IV;9.0;0.0
Traject1;D73606EF-956E-405D-B9E7-433189F7D1E6;IV;9.0;85.0
Traject2;D73606EF-956E-405D-B9E7-433189F7D1E6;IV;9.0;85.0
Traject1;5E27F73C-71C6-4D53-8CE6-03DF3AE622D5;Va;10.0;85.0
Traject2;5E27F73C-71C6-4D53-8CE6-03DF3AE622D5;Va;10.0;85.0
Traject1;988F739C-1CE7-419A-B380-AEA6526A9BDB;I;5.0;39.0
Traject2;988F739C-1CE7-419A-B380-AEA6526A9BDB;I;5.0;39.0
Traject1;38124049-22B8-41D2-B0A2-FCDA8DE056B1;III;8.0;67.0
Traject2;38124049-22B8-41D2-B0A2-FCDA8DE056B1;III;8.0;67.0
Traject1;14F62882-4F4C-428E-B9EA-7A34889509A0;IV;8.0;85.0
Traject2;14F62882-4F4C-428E-B9EA-7A34889509A0;IV;8.0;85.0
Traject1;2BF27B85-7FFA-42A6-BFD3-64AF3BB3B6D6;Va;10.0;106.0
Traject2;2BF27B85-7FFA-42A6-BFD3-64AF3BB3B6D6;Va;10.0;106.0
Traject1;C1CD6046-352D-4A36-AE76-C5486B161F17;III;6.0;77.0
Traject2;C1CD6046-352D-4A36-AE76-C5486B161F17;III;6.0;77.0
Traject1;D3A4CD67-47F9-44F5-8ACD-5FE2B5B346E7;I;5.0;39.0
Traject2;D3A4CD67-47F9-44F5-8ACD-5FE2B5B346E7;I;5.0;39.0
Traject1;EE2F3D7D-A6DD-40F1-97BD-6109378C22F4;Va;10.0;86.0
Traject2;EE2F3D7D-A6DD-40F1-97BD-6109378C22F4;Va;10.0;86.0
Traject1;C497C36E-F52E-44ED-8A52-4157965684FE;I;4.0;18.0
Traject2;C497C36E-F52E-44ED-8A52-4157965684FE;I;4.0;18.0
Traject1;0BCB975F-F0E6-4775-BBC0-3CF942433336;III;6.0;65.0
Traject2;0BCB975F-F0E6-4775-BBC0-3CF942433336;III;6.0;65.0
Traject1;B178833C-6379-432A-B2F8-6CC0083E7CA2;III;6.0;59.0
Traject2;B178833C-6379-432A-B2F8-6CC0083E7CA2;III;6.0;59.0
Traject1;936D6368-A00B-4CE2-B2E9-0B61FB4F608F;I;5.0;39.0
Traject2;936D6368-A00B-4CE2-B2E9-0B61FB4F608F;I;5.0;39.0
Traject1;518FB122-18CC-4D9B-9DBC-88A4086D3F84;IV;8.0;80.0
Traject2;518FB122-18CC-4D9B-9DBC-88A4086D3F84;IV;8.0;80.0
Traject1;D6859D2F-DBFC-4621-8E00-44EBADABACF1;III;5.0;55.0
Traject2;D6859D2F-DBFC-4621-8E00-44EBADABACF1;III;5.0;55.0
Traject1;2D18C861-3402-4D9C-8856-1A0F6344F4CF;I;5.0;39.0
Traject2;2D18C861-3402-4D9C-8856-1A0F6344F4CF;I;5.0;39.0
Traject1;1B1BC327-A1FA-47C8-84CC-922962C0EFDD;-1;nan;nan
Traject2;1B1BC327-A1FA-47C8-84CC-922962C0EFDD;-1;nan;nan
Traject1;F4A64F8E-98FB-4993-9506-992ED002F919;I;5.0;39.0
Traject2;F4A64F8E-98FB-4993-9506-992ED002F919;I;5.0;39.0
Traject1;4805BE85-B847-43B1-B8B3-54E0D471406F;IV;6.0;80.0
Traject2;4805BE85-B847-43B1-B8B3-54E0D471406F;IV;6.0;80.0
Traject1;F62803F3-249C-4BF2-AA6C-B4075924BE07;III;8.0;70.0
Traject2;F62803F3-249C-4BF2-AA6C-B4075924BE07;III;8.0;70.0
Traject1;4DF1A20B-23BA-4475-A370-3EB224BF51B2;Va;10.0;100.0
Traject2;4DF1A20B-23BA-4475-A370-3EB224BF51B2;Va;10.0;100.0
Traject1;E65D9205-EA67-4770-A943-70D2A3959D59;III;8.0;73.0
Traject2;E65D9205-EA67-4770-A943-70D2A3959D59;III;8.0;73.0
Traject1;271AAEA4-CBD9-45CA-822C-EADA626ADC35;I;5.0;39.0
Traject2;271AAEA4-CBD9-45CA-822C-EADA626ADC35;I;5.0;39.0
Traject1;602B84C7-FE55-4181-85EF-F100C610BFC9;I;5.0;38.0
Traject2;602B84C7-FE55-4181-85EF-F100C610BFC9;I;5.0;38.0
Traject1;3CC63524-757E-46C4-9234-3804096D03ED;I;5.0;38.0
Traject2;3CC63524-757E-46C4-9234-3804096D03ED;I;5.0;38.0
Traject1;151F3A71-E961-4A1E-AC0F-806E64A0E684;Va;10.0;85.0
Traject2;151F3A71-E961-4A1E-AC0F-806E64A0E684;Va;10.0;85.0
Traject1;288C2FB1-0080-4F14-89BB-0C7E6CF1493E;IV;9.0;84.0
Traject2;288C2FB1-0080-4F14-89BB-0C7E6CF1493E;IV;9.0;84.0
Traject1;5EF914FD-39AC-4CC8-814A-EF9F6B048F0C;I;5.0;38.0
Traject2;5EF914FD-39AC-4CC8-814A-EF9F6B048F0C;I;5.0;38.0
Traject1;EF0670E4-0A3E-4E18-91DC-D2F150BA2AA9;Va;10.0;80.0
Traject2;EF0670E4-0A3E-4E18-91DC-D2F150BA2AA9;Va;10.0;80.0
Traject1;C88FB69F-8F30-4F0F-8595-799A4ACCFDD6;III;5.0;72.0
Traject2;C88FB69F-8F30-4F0F-8595-799A4ACCFDD6;III;5.0;72.0
Traject1;F0DFDFEC-45A4-47E4-948B-16C037B0341F;Va;10.0;80.0
Traject2;F0DFDFEC-45A4-47E4-948B-16C037B0341F;Va;10.0;80.0
Traject1;601F620E-C439-468E-97AE-D6563BC87E3A;IV;8.0;85.0
Traject2;601F620E-C439-468E-97AE-D6563BC87E3A;IV;8.0;85.0
Traject1;18EBFCBA-D465-4BFE-85B1-DCCA0DA27E35;I;5.0;38.0
Traject2;18EBFCBA-D465-4BFE-85B1-DCCA0DA27E35;I;5.0;38.0
Traject1;1A253A4E-4EAA-4557-9C36-1D9F89791A44;-1;nan;nan
Traject2;1A253A4E-4EAA-4557-9C36-1D9F89791A44;-1;nan;nan
Traject1;896ACEBD-FD48-430A-A6F7-6EBD6D4D3E4C;IV;9.0;67.0
Traject2;896ACEBD-FD48-430A-A6F7-6EBD6D4D3E4C;IV;9.0;67.0
Traject1;154A59E7-5473-4842-BC24-A28B521A0E12;I;5.0;39.0
Traject2;154A59E7-5473-4842-BC24-A28B521A0E12;I;5.0;39.0
Traject1;CD693A09-0A30-4964-864A-DE7AB1CB1A08;III;5.0;67.0
Traject2;CD693A09-0A30-4964-864A-DE7AB1CB1A08;III;5.0;67.0
Traject1;00E3D990-0252-47AD-B922-03EADCE1C348;IV;8.0;80.0
Traject2;00E3D990-0252-47AD-B922-03EADCE1C348;IV;8.0;80.0
Traject1;B46E192F-9922-4104-8CFC-7B32F8A6B0CC;IV;9.0;86.0
Traject2;B46E192F-9922-4104-8CFC-7B32F8A6B0CC;IV;9.0;86.0
Traject1;3C6451F4-79BA-43EF-BCD3-6053C5F8C789;I;5.0;39.0
Traject2;3C6451F4-79BA-43EF-BCD3-6053C5F8C789;I;5.0;39.0
Traject1;A45A61C9-9F58-4F28-B9D3-7BC6279672F7;I;5.0;39.0
Traject2;A45A61C9-9F58-4F28-B9D3-7BC6279672F7;I;5.0;39.0
Traject1;9FCC5F90-2D41-42F9-8E9E-2B0E83F82E1A;IV;5.0;80.0
Traject2;9FCC5F90-2D41-42F9-8E9E-2B0E83F82E1A;IV;5.0;80.0
Traject1;3F0AC8FF-4F52-4619-A60D-AFDCDF64366F;I;5.0;39.0
Traject2;3F0AC8FF-4F52-4619-A60D-AFDCDF64366F;I;5.0;39.0
Traject1;B30B1928-C26E-44FF-867A-7A90B2B38C2A;III;8.0;73.0
Traject2;B30B1928-C26E-44FF-867A-7A90B2B38C2A;III;8.0;73.0
Traject1;A66B93FF-6AFD-4AEA-8F8C-366B72EE5EE3;IV;9.0;86.0
Traject2;A66B93FF-6AFD-4AEA-8F8C-366B72EE5EE3;IV;9.0;86.0
Traject1;674565DA-CC38-4D90-95BD-127A4C58237A;I;5.0;39.0
Traject2;674565DA-CC38-4D90-95BD-127A4C58237A;I;5.0;39.0
Traject1;39AD9119-E070-4FFE-AFBE-D2B34D7873B2;IV;9.0;105.0
Traject2;39AD9119-E070-4FFE-AFBE-D2B34D7873B2;IV;9.0;105.0
Traject1;C1ACA1A9-81EC-4383-9AFB-29F98AE89AA0;I;5.0;39.0
Traject2;C1ACA1A9-81EC-4383-9AFB-29F98AE89AA0;I;5.0;39.0
Traject1;0D6344F9-9F78-4836-BEAF-14AEC76CB08A;IV;8.0;85.0
Traject2;0D6344F9-9F78-4836-BEAF-14AEC76CB08A;IV;8.0;85.0
Traject1;3E4E36B9-26E4-4163-9F6A-59EC05A41BB1;I;5.0;38.0
Traject2;3E4E36B9-26E4-4163-9F6A-59EC05A41BB1;I;5.0;38.0
Traject1;BF60CB07-8FBF-4D6B-B5D2-DA633BAA0D8D;I;5.0;38.0
Traject2;BF60CB07-8FBF-4D6B-B5D2-DA633BAA0D8D;I;5.0;38.0
Traject1;1B5ABBA8-B1B9-4255-AA84-07AB87585374;III;8.0;67.0
Traject2;1B5ABBA8-B1B9-4255-AA84-07AB87585374;III;8.0;67.0
Traject1;E3C5182B-945E-405C-A686-7B7D73CB82B8;III;8.0;77.0
Traject2;E3C5182B-945E-405C-A686-7B7D73CB82B8;III;8.0;77.0
Traject1;7CC4944B-5779-49FD-9BF3-4F80607C8064;III;5.0;59.0
Traject2;7CC4944B-5779-49FD-9BF3-4F80607C8064;III;5.0;59.0
Traject1;18F83294-41A7-4390-805E-CA0DB1BB0F85;I;5.0;39.0
Traject2;18F83294-41A7-4390-805E-CA0DB1BB0F85;I;5.0;39.0
Traject1;6CC75F35-F510-419C-A0E5-0B1EA837E0E7;III;5.0;78.0
Traject2;6CC75F35-F510-419C-A0E5-0B1EA837E0E7;III;5.0;78.0
Traject1;EF960754-ED73-429F-BD89-BBDFA557E37E;II;7.0;54.0
Traject2;EF960754-ED73-429F-BD89-BBDFA557E37E;II;7.0;54.0
Traject1;106F9143-92D7-4DF8-9D1F-1764DA3A1DE5;I;5.0;39.0
Traject2;106F9143-92D7-4DF8-9D1F-1764DA3A1DE5;I;5.0;39.0
Traject1;F499A74B-8FEC-486B-8DEF-8784B24C34D7;IV;8.0;80.0
Traject2;F499A74B-8FEC-486B-8DEF-8784B24C34D7;IV;8.0;80.0
Traject1;53AD923E-AC54-4BC9-BDD5-B0A2433ECD2C;IV;9.0;85.0
Traject2;53AD923E-AC54-4BC9-BDD5-B0A2433ECD2C;IV;9.0;85.0
Traject1;85F86118-A042-4B65-B4F5-60C5EBA319C3;IV;5.0;86.0
Traject2;85F86118-A042-4B65-B4F5-60C5EBA319C3;IV;5.0;86.0
Traject1;EC72FB8F-C880-4AD3-9355-BB04948AF392;-1;nan;nan
Traject2;EC72FB8F-C880-4AD3-9355-BB04948AF392;-1;nan;nan
Traject1;BF904BB3-5256-4847-AC6E-6E3262A19C4B;Va;10.0;80.0
Traject2;BF904BB3-5256-4847-AC6E-6E3262A19C4B;Va;10.0;80.0
Traject1;63097F68-976D-4705-9EC6-954A632790F7;IV;9.0;80.0
Traject2;63097F68-976D-4705-9EC6-954A632790F7;IV;9.0;80.0
Traject1;6432093A-E82E-416A-801E-A6C6C2129C3C;IV;9.0;80.0
Traject2;6432093A-E82E-416A-801E-A6C6C2129C3C;IV;9.0;80.0
Traject1;9E4ADB32-409C-4838-846E-CF89DAF95090;I;5.0;39.0
Traject2;9E4ADB32-409C-4838-846E-CF89DAF95090;I;5.0;39.0
Traject1;04F487FF-199D-437A-926D-42512271F740;III;7.0;70.0
Traject2;04F487FF-199D-437A-926D-42512271F740;III;7.0;70.0
Traject1;2F27B6EB-83A6-4234-BB69-BBB7B1CCB7B9;I;5.0;38.0
Traject2;2F27B6EB-83A6-4234-BB69-BBB7B1CCB7B9;I;5.0;38.0
Traject1;02221072-7C65-4224-BFB4-B2CBE45299CF;III;5.0;63.0
Traject2;02221072-7C65-4224-BFB4-B2CBE45299CF;III;5.0;63.0
Traject1;5ADEB48A-C21B-47BF-8E0F-40946F9BF341;III;7.0;68.0
Traject2;5ADEB48A-C21B-47BF-8E0F-40946F9BF341;III;7.0;68.0
Traject1;B3ECAB9C-01DE-4461-B5F8-18400E8AB845;I;5.0;38.0
Traject2;B3ECAB9C-01DE-4461-B5F8-18400E8AB845;I;5.0;38.0
Traject1;6AA3B17C-153D-4A44-9A97-46FDDEF5DFB5;IV;9.0;85.0
Traject2;6AA3B17C-153D-4A44-9A97-46FDDEF5DFB5;IV;9.0;85.0
Traject1;122A3ED3-CA59-4351-8FFB-088AE9A98A7A;Va;11.0;110.0
Traject2;122A3ED3-CA59-4351-8FFB-088AE9A98A7A;Va;11.0;110.0
Traject1;3BC85DA1-1948-44AB-BB20-2FED12C7D79F;I;5.0;39.0
Traject2;3BC85DA1-1948-44AB-BB20-2FED12C7D79F;I;5.0;39.0
Traject1;EC597B03-A293-45BC-9408-B5E3099B37D1;I;5.0;47.0
Traject2;EC597B03-A293-45BC-9408-B5E3099B37D1;I;5.0;47.0
Traject1;90AFCA03-9321-48D3-9AEC-BB9D2E6F70B2;Va;10.0;86.0
Traject2;90AFCA03-9321-48D3-9AEC-BB9D2E6F70B2;Va;10.0;86.0
Traject1;28012B47-B282-4FFC-AB80-5DF155B24E37;IV;8.0;85.0
Traject2;28012B47-B282-4FFC-AB80-5DF155B24E37;IV;8.0;85.0
Traject1;8E5E7067-07E8-4F3D-96B8-B9DF32C69CE3;I;5.0;39.0
Traject2;8E5E7067-07E8-4F3D-96B8-B9DF32C69CE3;I;5.0;39.0
Traject1;70AC0804-E5D7-4F7F-9F25-457E2B7453D8;Va;10.0;80.0
Traject2;70AC0804-E5D7-4F7F-9F25-457E2B7453D8;Va;10.0;80.0
Traject1;7C1760F4-4081-4E45-A453-3B3DD24CD048;III;7.0;56.0
Traject2;7C1760F4-4081-4E45-A453-3B3DD24CD048;III;7.0;56.0
Traject1;6C886488-4C11-46E6-8B1E-A0A3B8198366;IV;9.0;86.0
Traject2;6C886488-4C11-46E6-8B1E-A0A3B8198366;IV;9.0;86.0
Traject1;16E019BC-BF78-41C6-AC3E-C9509C37F090;Vb;12.0;110.0
Traject2;16E019BC-BF78-41C6-AC3E-C9509C37F090;Vb;12.0;110.0
Traject1;0F0BF206-48D5-43EE-A1A3-D342A342A327;IV;9.0;80.0
Traject2;0F0BF206-48D5-43EE-A1A3-D342A342A327;IV;9.0;80.0
Traject1;4955D3E4-6987-49DF-82C7-5C32D6E7C5C6;Va;10.0;105.0
Traject2;4955D3E4-6987-49DF-82C7-5C32D6E7C5C6;Va;10.0;105.0
Traject1;0D38F739-002F-4AA4-AF00-269C6D9CD240;IV;8.0;80.0
Traject2;0D38F739-002F-4AA4-AF00-269C6D9CD240;IV;8.0;80.0
Traject1;2FCD379B-3F7B-4E70-81C2-24A9C0C8A4FD;Va;10.0;86.0
Traject2;2FCD379B-3F7B-4E70-81C2-24A9C0C8A4FD;Va;10.0;86.0
Traject1;1728537F-F0C0-44C4-BC73-69BB03823B1D;I;5.0;39.0
Traject2;1728537F-F0C0-44C4-BC73-69BB03823B1D;I;5.0;39.0
Traject1;F2A8E822-5262-44DA-BC50-268817ECF28C;Vb;12.0;110.0
Traject2;F2A8E822-5262-44DA-BC50-268817ECF28C;Vb;12.0;110.0
Traject1;ACFD40FE-4961-432E-B013-032FE2254E11;I;5.0;39.0
Traject2;ACFD40FE-4961-432E-B013-032FE2254E11;I;5.0;39.0
Traject1;83E3960D-9D00-47C6-A719-92E7A3A8EE89;Va;nan;nan
Traject2;83E3960D-9D00-47C6-A719-92E7A3A8EE89;Va;nan;nan
Traject1;83E3960D-9D00-47C6-A719-92E7A3A8EE89;Va;10.0;105.0
Traject2;83E3960D-9D00-47C6-A719-92E7A3A8EE89;Va;10.0;105.0
Traject1;DB592B89-9B07-4A5F-A462-011775B6EC45;IV;9.0;75.0
Traject2;DB592B89-9B07-4A5F-A462-011775B6EC45;IV;9.0;75.0
Traject1;8D7202C6-3E22-4C17-8050-54CCB7283753;III;8.0;67.0
Traject2;8D7202C6-3E22-4C17-8050-54CCB7283753;III;8.0;67.0
Traject1;1C2E0012-632A-4F34-81D0-3C671D07E239;III;5.0;65.0
Traject2;1C2E0012-632A-4F34-81D0-3C671D07E239;III;5.0;65.0
Traject1;D35E47F0-4ACE-4A58-9A2C-516195CD4A26;III;5.0;55.0
Traject2;D35E47F0-4ACE-4A58-9A2C-516195CD4A26;III;5.0;55.0
Traject1;8834B941-1432-4D60-A98A-D0A7C4E77800;I;5.0;39.0
Traject2;8834B941-1432-4D60-A98A-D0A7C4E77800;I;5.0;39.0
Traject1;12407810-D238-481D-B81A-94B1786B5241;II;6.0;50.0
Traject2;12407810-D238-481D-B81A-94B1786B5241;II;6.0;50.0
Traject1;ED0F67F5-DF24-4179-9326-0B51D2DD6676;I;5.0;38.0
Traject2;ED0F67F5-DF24-4179-9326-0B51D2DD6676;I;5.0;38.0
Traject1;55866214-5C45-4F96-8208-C4E6D90B02D7;-1;nan;nan
Traject2;55866214-5C45-4F96-8208-C4E6D90B02D7;-1;nan;nan
Traject1;2E649166-F2FD-468C-BCCA-2A283580B1CC;-1;nan;nan
Traject2;2E649166-F2FD-468C-BCCA-2A283580B1CC;-1;nan;nan
Traject1;CBDAD647-F6FB-486B-B130-ED2C5AE06B59;III;8.0;79.0
Traject2;CBDAD647-F6FB-486B-B130-ED2C5AE06B59;III;8.0;79.0
Traject1;1E43B83D-CE7A-4B5E-B7FF-5AEB543ED4D7;I;5.0;39.0
Traject2;1E43B83D-CE7A-4B5E-B7FF-5AEB543ED4D7;I;5.0;39.0
Traject1;C9CC51FE-ADBD-4B37-ABB2-953C3A267159;IV;8.0;84.0
Traject2;C9CC51FE-ADBD-4B37-ABB2-953C3A267159;IV;8.0;84.0
Traject1;2D5F8EAA-A9F0-44DC-9887-086B1B05D344;III;7.0;66.0
Traject2;2D5F8EAA-A9F0-44DC-9887-086B1B05D344;III;7.0;66.0
Traject1;3DAF501A-8ACB-4520-A81D-0EDEB17D7826;Va;11.0;100.0
Traject2;3DAF501A-8ACB-4520-A81D-0EDEB17D7826;Va;11.0;100.0
Traject1;C52B7147-E28E-4065-AB36-D55B41950ECE;I;5.0;39.0
Traject2;C52B7147-E28E-4065-AB36-D55B41950ECE;I;5.0;39.0
Traject1;26B185C4-E409-4A71-AF15-07C0E6F26677;IV;8.0;81.0
Traject2;26B185C4-E409-4A71-AF15-07C0E6F26677;IV;8.0;81.0
Traject1;BEC70EBD-E9ED-4FCC-AC32-F4DA43007097;IV;9.0;85.0
Traject2;BEC70EBD-E9ED-4FCC-AC32-F4DA43007097;IV;9.0;85.0
Traject1;4F0232BD-7E46-4E89-96AD-C6C4E39A442B;I;5.0;38.0
Traject2;4F0232BD-7E46-4E89-96AD-C6C4E39A442B;I;5.0;38.0
Traject1;81ABE18A-CAD6-4BC7-B446-1D41165633DF;I;5.0;39.0
Traject2;81ABE18A-CAD6-4BC7-B446-1D41165633DF;I;5.0;39.0
Traject1;AEA6AEB9-B04B-4E9D-A0F2-C9752DF120D1;I;5.0;39.0
Traject2;AEA6AEB9-B04B-4E9D-A0F2-C9752DF120D1;I;5.0;39.0
Traject1;7E9A74C8-82AC-45D1-B0CA-18392E0B695C;I;5.0;39.0
Traject2;7E9A74C8-82AC-45D1-B0CA-18392E0B695C;I;5.0;39.0
Traject1;EC972606-5591-4FF9-9FEF-19FEDAF2179A;I;5.0;39.0
Traject2;EC972606-5591-4FF9-9FEF-19FEDAF2179A;I;5.0;39.0
Traject1;0CB7ADBE-9D27-4C96-9A48-68644BCBB79A;I;5.0;39.0
Traject2;0CB7ADBE-9D27-4C96-9A48-68644BCBB79A;I;5.0;39.0
Traject1;4582216E-55B7-4311-9A32-F799913890BD;III;8.0;75.0
Traject2;4582216E-55B7-4311-9A32-F799913890BD;III;8.0;75.0
Traject1;7ADC36D5-BB78-4CDD-B938-0ED80EE2C5B1;Va;10.0;86.0
Traject2;7ADC36D5-BB78-4CDD-B938-0ED80EE2C5B1;Va;10.0;86.0
Traject1;01BCA998-A256-424C-8402-6FCF50D4D176;I;5.0;38.0
Traject2;01BCA998-A256-424C-8402-6FCF50D4D176;I;5.0;38.0
Traject1;C147B771-A7E7-4AEC-A217-A4AD9877570E;Va;10.0;86.0
Traject2;C147B771-A7E7-4AEC-A217-A4AD9877570E;Va;10.0;86.0
Traject1;F3ACC7FC-C2C6-4E3A-9E66-365A78CDA8D2;I;5.0;12.0
Traject2;F3ACC7FC-C2C6-4E3A-9E66-365A78CDA8D2;I;5.0;12.0
Traject1;4F302C33-F5E5-41BE-AE79-3AC9E95354D9;III;8.0;73.0
Traject2;4F302C33-F5E5-41BE-AE79-3AC9E95354D9;III;8.0;73.0
Traject1;36501A06-64E2-46E3-98F3-DAE7F0CE3553;III;8.0;67.0
Traject2;36501A06-64E2-46E3-98F3-DAE7F0CE3553;III;8.0;67.0
Traject1;0C76CEF8-0608-4E5B-A02C-F9BAE0D78312;III;6.0;67.0
Traject2;0C76CEF8-0608-4E5B-A02C-F9BAE0D78312;III;6.0;67.0
Traject1;EE2F450C-FA0E-4251-8755-24123C2E88D1;IV;9.0;86.0
Traject2;EE2F450C-FA0E-4251-8755-24123C2E88D1;IV;9.0;86.0
Traject1;C9ADCAB3-C1AD-4721-B6FF-C59FE5AFC285;IV;5.0;95.0
Traject2;C9ADCAB3-C1AD-4721-B6FF-C59FE5AFC285;IV;5.0;95.0
Traject1;92960EE8-C8DB-427F-8C1C-944AB86D462B;III;7.0;55.0
Traject2;92960EE8-C8DB-427F-8C1C-944AB86D462B;III;7.0;55.0
Traject1;93FD95DB-DCCD-47A1-9C03-D6C0A8DEF6FE;IV;8.0;80.0
Traject2;93FD95DB-DCCD-47A1-9C03-D6C0A8DEF6FE;IV;8.0;80.0
Traject1;02F643A6-4962-4AC3-9104-4F8D4CEA8E8B;I;5.0;39.0
Traject2;02F643A6-4962-4AC3-9104-4F8D4CEA8E8B;I;5.0;39.0
Traject1;3088DA15-9C1E-4582-9462-A2794259D15F;III;6.0;57.0
Traject2;3088DA15-9C1E-4582-9462-A2794259D15F;III;6.0;57.0
Traject1;817B80C0-32F7-42C2-A266-2B5F72CEEDE8;Va;10.0;80.0
Traject2;817B80C0-32F7-42C2-A266-2B5F72CEEDE8;Va;10.0;80.0
Traject1;2B4A052C-8D0C-4DF7-AA62-1E535FC5CEDB;III;6.0;66.0
Traject2;2B4A052C-8D0C-4DF7-AA62-1E535FC5CEDB;III;6.0;66.0
Traject1;3E6B5F41-D110-4997-BF06-F427E31EEE15;I;5.0;39.0
Traject2;3E6B5F41-D110-4997-BF06-F427E31EEE15;I;5.0;39.0
Traject1;36DD21CE-2188-40E0-8725-CAF2CFEBC95B;IV;7.0;85.0
Traject2;36DD21CE-2188-40E0-8725-CAF2CFEBC95B;IV;7.0;85.0
Traject1;0764E204-BDC5-47AB-9AEF-3E4AC4C6D539;IV;8.0;82.0
Traject2;0764E204-BDC5-47AB-9AEF-3E4AC4C6D539;IV;8.0;82.0
Traject1;941E704A-E50C-4226-B509-025C050D35B0;IV;8.0;86.0
Traject2;941E704A-E50C-4226-B509-025C050D35B0;IV;8.0;86.0
Traject1;1EC721D2-3AF3-4DA2-9E40-55C68FBDBB86;III;7.0;73.0
Traject2;1EC721D2-3AF3-4DA2-9E40-55C68FBDBB86;III;7.0;73.0
Traject1;8DB32248-D28D-4FCB-82F8-BDDA153E0F9C;III;6.0;70.0
Traject2;8DB32248-D28D-4FCB-82F8-BDDA153E0F9C;III;6.0;70.0
Traject1;7E00D721-6080-4683-AF83-D503ECFA8974;III;6.0;55.0
Traject2;7E00D721-6080-4683-AF83-D503ECFA8974;III;6.0;55.0
Traject1;01FF12AF-200C-4832-91CF-7C4219347058;III;8.0;67.0
Traject2;01FF12AF-200C-4832-91CF-7C4219347058;III;8.0;67.0
Traject1;5489729D-110D-4DBC-8DDF-4D6D8457ED78;Va;10.0;85.0
Traject2;5489729D-110D-4DBC-8DDF-4D6D8457ED78;Va;10.0;85.0
Traject1;3E6AE878-6C14-4874-9AFD-FA1A4B673A6D;I;5.0;39.0
Traject2;3E6AE878-6C14-4874-9AFD-FA1A4B673A6D;I;5.0;39.0
Traject1;19F116D1-806D-4C31-9D08-4408DC5F3F41;IV;9.0;85.0
Traject2;19F116D1-806D-4C31-9D08-4408DC5F3F41;IV;9.0;85.0
Traject1;9A670C60-766A-4454-9632-E0C5ADD8949F;I;5.0;39.0
Traject2;9A670C60-766A-4454-9632-E0C5ADD8949F;I;5.0;39.0
Traject1;6134D941-8A97-4D6D-80D9-237D72957BE8;IV;8.0;85.0
Traject2;6134D941-8A97-4D6D-80D9-237D72957BE8;IV;8.0;85.0
Traject1;A1086E83-3F85-4F27-BACB-9C2835EFAF94;Va;10.0;85.0
Traject2;A1086E83-3F85-4F27-BACB-9C2835EFAF94;Va;10.0;85.0
Traject1;6E779AC7-6073-4BD6-A38A-EE31BAFCC30D;I;5.0;39.0
Traject2;6E779AC7-6073-4BD6-A38A-EE31BAFCC30D;I;5.0;39.0
Traject1;A4E03B81-1BA8-4345-AD75-1BF432FB3119;III;5.0;64.0
Traject2;A4E03B81-1BA8-4345-AD75-1BF432FB3119;III;5.0;64.0
Traject1;AE8F5574-66B2-4F30-B793-A4167A6EB289;I;5.0;39.0
Traject2;AE8F5574-66B2-4F30-B793-A4167A6EB289;I;5.0;39.0
Traject1;AA1CAE60-98A6-451E-9CF1-C3C8656A2F21;IV;5.0;90.0
Traject2;AA1CAE60-98A6-451E-9CF1-C3C8656A2F21;IV;5.0;90.0
Traject1;D4AF31D6-2EF6-45CB-BD1D-D946AA8E76E5;III;8.0;67.0
Traject2;D4AF31D6-2EF6-45CB-BD1D-D946AA8E76E5;III;8.0;67.0
Traject1;79CF68AB-A416-4CA7-9207-5CAD8077EDC9;Va;9.0;110.0
Traject2;79CF68AB-A416-4CA7-9207-5CAD8077EDC9;Va;9.0;110.0
Traject1;86A903D4-ECB7-450E-9D38-8156D35E95CD;I;5.0;39.0
Traject2;86A903D4-ECB7-450E-9D38-8156D35E95CD;I;5.0;39.0
Traject1;35D20706-A3CE-49C4-AA9C-5AE8F4A70BFA;IV;8.0;85.0
Traject2;35D20706-A3CE-49C4-AA9C-5AE8F4A70BFA;IV;8.0;85.0
Traject1;272416F5-3DC0-40BA-8BAB-1B97EC207358;I;5.0;24.0
Traject2;272416F5-3DC0-40BA-8BAB-1B97EC207358;I;5.0;24.0
Traject1;1AF317D5-E43C-492A-B174-B6C4E40F60C3;IV;8.0;80.0
Traject2;1AF317D5-E43C-492A-B174-B6C4E40F60C3;IV;8.0;80.0
Traject1;CEDF929B-882C-422D-BAC6-A644C3B3ECFB;Va;10.0;90.0
Traject2;CEDF929B-882C-422D-BAC6-A644C3B3ECFB;Va;10.0;90.0
Traject1;313A3929-ED55-4C80-BD3A-D943C0E60805;I;5.0;40.0
Traject2;313A3929-ED55-4C80-BD3A-D943C0E60805;I;5.0;40.0
Traject1;DC8BB7A8-086F-4068-B970-9B586E3E923F;IV;8.0;85.0
Traject2;DC8BB7A8-086F-4068-B970-9B586E3E923F;IV;8.0;85.0
Traject1;C7EBE561-997D-4340-BD76-772D3E9BB6D1;IV;9.0;84.0
Traject2;C7EBE561-997D-4340-BD76-772D3E9BB6D1;IV;9.0;84.0
Traject1;B84EE3FB-EE64-4D9D-BED9-20FB5EE7B7F4;Va;10.0;80.0
Traject2;B84EE3FB-EE64-4D9D-BED9-20FB5EE7B7F4;Va;10.0;80.0
Traject1;66986ADD-A3B9-4627-BF9D-E2269E43A84F;I;5.0;39.0
Traject2;66986ADD-A3B9-4627-BF9D-E2269E43A84F;I;5.0;39.0
Traject1;CD60772F-467A-4421-B456-D7C2364B1253;I;5.0;39.0
Traject2;CD60772F-467A-4421-B456-D7C2364B1253;I;5.0;39.0
Traject1;E3DE6572-039C-4B3C-9115-4F7E02DB0F4E;IV;8.0;80.0
Traject2;E3DE6572-039C-4B3C-9115-4F7E02DB0F4E;IV;8.0;80.0
Traject1;B4F0E284-D010-41F4-8D6C-8560A4DB7307;IV;5.0;80.0
Traject2;B4F0E284-D010-41F4-8D6C-8560A4DB7307;IV;5.0;80.0
Traject1;170AE4CE-9D50-4D4C-B645-3EC5E5087A71;IV;8.0;80.0
Traject2;170AE4CE-9D50-4D4C-B645-3EC5E5087A71;IV;8.0;80.0
Traject1;FC8D332B-CC3E-45DD-996C-66D435D1E786;Va;11.0;110.0
Traject2;FC8D332B-CC3E-45DD-996C-66D435D1E786;Va;11.0;110.0
Traject1;E0917280-19DD-47A1-98CD-5BB5FC4B9D10;I;5.0;39.0
Traject2;E0917280-19DD-47A1-98CD-5BB5FC4B9D10;I;5.0;39.0
Traject1;2CDFDCD7-DF31-4BD4-9377-37D9B0A70F3D;IV;8.0;80.0
Traject2;2CDFDCD7-DF31-4BD4-9377-37D9B0A70F3D;IV;8.0;80.0
Traject1;253098AC-FCD5-489C-A2ED-D0AED5FCBBCC;Va;10.0;80.0
Traject2;253098AC-FCD5-489C-A2ED-D0AED5FCBBCC;Va;10.0;80.0
Traject1;09D3F1C4-5A0B-4660-9264-419EE2E10BA5;Vb;9.0;137.0
Traject2;09D3F1C4-5A0B-4660-9264-419EE2E10BA5;Vb;9.0;137.0
Traject1;09D3F1C4-5A0B-4660-9264-419EE2E10BA5;Vb;0.0;76.0
Traject2;09D3F1C4-5A0B-4660-9264-419EE2E10BA5;Vb;0.0;76.0
Traject1;D562A13D-7C9B-4EFF-A2E1-B4E071EF3904;IV;9.0;85.0
Traject2;D562A13D-7C9B-4EFF-A2E1-B4E071EF3904;IV;9.0;85.0
Traject1;5C1F5C0C-6221-464E-9114-8C9774076328;-1;nan;nan
Traject2;5C1F5C0C-6221-464E-9114-8C9774076328;-1;nan;nan
Traject1;4640D934-2310-4766-82E8-06AFBC20EB56;I;5.0;38.0
Traject2;4640D934-2310-4766-82E8-06AFBC20EB56;I;5.0;38.0
Traject1;CD7C1FD9-8FAB-4FB8-94A3-5BDB99D463F1;I;5.0;31.0
Traject2;CD7C1FD9-8FAB-4FB8-94A3-5BDB99D463F1;I;5.0;31.0
Traject1;EC51340D-988A-419C-A9FE-4460F5CBBEEA;Vb;16.0;70.0
Traject2;EC51340D-988A-419C-A9FE-4460F5CBBEEA;Vb;16.0;70.0
Traject1;5A2C269D-6EA2-4C3C-8DBE-9BF790A29806;I;5.0;45.0
Traject2;5A2C269D-6EA2-4C3C-8DBE-9BF790A29806;I;5.0;45.0
Traject1;67F4A2F4-52B0-401C-A597-CADBB88474CC;I;5.0;39.0
Traject2;67F4A2F4-52B0-401C-A597-CADBB88474CC;I;5.0;39.0
Traject1;D051B092-7948-48D0-B364-39B626D6C662;Va;11.0;82.0
Traject2;D051B092-7948-48D0-B364-39B626D6C662;Va;11.0;82.0
Traject1;E05B31AA-C5A2-4BB9-956C-5ABFC513F44D;III;8.0;65.0
Traject2;E05B31AA-C5A2-4BB9-956C-5ABFC513F44D;III;8.0;65.0
Traject1;DECDB37A-B01F-4A65-A75C-7D8E53D49234;I;5.0;26.0
Traject2;DECDB37A-B01F-4A65-A75C-7D8E53D49234;I;5.0;26.0
Traject1;E8BC9734-B441-4694-8D91-A7AE97D31948;I;5.0;38.0
Traject2;E8BC9734-B441-4694-8D91-A7AE97D31948;I;5.0;38.0
Traject1;62CE4264-C0CE-48E8-B778-44E660C99D14;IV;9.0;80.0
Traject2;62CE4264-C0CE-48E8-B778-44E660C99D14;IV;9.0;80.0
Traject1;83A8FCAC-38F4-43A8-B493-A00A6DE8D49C;IV;9.0;105.0
Traject2;83A8FCAC-38F4-43A8-B493-A00A6DE8D49C;IV;9.0;105.0
Traject1;69F77730-D449-4051-9553-1F4EA603EE87;IV;9.0;80.0
Traject2;69F77730-D449-4051-9553-1F4EA603EE87;IV;9.0;80.0
Traject1;7940C9BC-F3D9-46D8-A55A-B30132A2BF5B;I;5.0;38.0
Traject2;7940C9BC-F3D9-46D8-A55A-B30132A2BF5B;I;5.0;38.0
Traject1;E7E4D98F-8145-425C-BC78-13C610607B96;III;8.0;73.0
Traject2;E7E4D98F-8145-425C-BC78-13C610607B96;III;8.0;73.0
Traject1;719B0267-3B70-481E-8A76-D8FC8E07F9A1;III;7.0;62.0
Traject2;719B0267-3B70-481E-8A76-D8FC8E07F9A1;III;7.0;62.0
Traject1;85621BB8-A9AB-4BFC-B0E0-F37A06319F0C;Va;11.0;110.0
Traject2;85621BB8-A9AB-4BFC-B0E0-F37A06319F0C;Va;11.0;110.0
Traject1;42216D44-7499-4841-85BB-099F684644B2;I;5.0;38.0
Traject2;42216D44-7499-4841-85BB-099F684644B2;I;5.0;38.0
Traject1;7000C413-867C-4426-8153-09070B337441;II;7.0;50.0
Traject2;7000C413-867C-4426-8153-09070B337441;II;7.0;50.0
Traject1;5F3B169B-4CAC-4968-BC39-831B938CA285;I;5.0;39.0
Traject2;5F3B169B-4CAC-4968-BC39-831B938CA285;I;5.0;39.0
Traject1;C00C6F75-0B74-4B7B-854D-B42E497624C5;III;6.0;62.0
Traject2;C00C6F75-0B74-4B7B-854D-B42E497624C5;III;6.0;62.0
Traject1;9A0878AE-92B7-4CB1-A6BD-AD79B1161F1C;IV;8.0;80.0
Traject2;9A0878AE-92B7-4CB1-A6BD-AD79B1161F1C;IV;8.0;80.0
Traject1;4C4A1327-AC17-4A70-9413-F0A730E5BB66;IV;9.0;85.0
Traject2;4C4A1327-AC17-4A70-9413-F0A730E5BB66;IV;9.0;85.0
Traject1;A7F6A46A-D0E8-4D76-86A9-5F7C72B51978;I;5.0;39.0
Traject2;A7F6A46A-D0E8-4D76-86A9-5F7C72B51978;I;5.0;39.0
Traject1;8C5801A5-6415-402B-BADF-52336DC252B9;III;7.0;55.0
Traject2;8C5801A5-6415-402B-BADF-52336DC252B9;III;7.0;55.0
Traject1;BB5B3FFC-9E19-4417-B1A7-9810D8171243;I;5.0;39.0
Traject2;BB5B3FFC-9E19-4417-B1A7-9810D8171243;I;5.0;39.0
Traject1;E790DD2B-2002-4BB3-9A9C-863D9690AD4C;I;5.0;39.0
Traject2;E790DD2B-2002-4BB3-9A9C-863D9690AD4C;I;5.0;39.0
Traject1;09DE8ACD-BD7F-4272-8D73-DE883E1D3C6F;I;5.0;49.0
Traject2;09DE8ACD-BD7F-4272-8D73-DE883E1D3C6F;I;5.0;49.0
Traject1;8BED393A-00CF-45B8-9904-F5FCCF7529F9;I;5.0;39.0
Traject2;8BED393A-00CF-45B8-9904-F5FCCF7529F9;I;5.0;39.0
Traject1;A56B8986-5623-4130-BDC5-B00719BB4680;I;5.0;39.0
Traject2;A56B8986-5623-4130-BDC5-B00719BB4680;I;5.0;39.0
Traject1;DBFB08A5-2EC9-439C-9196-7FE53541F888;III;8.0;60.0
Traject2;DBFB08A5-2EC9-439C-9196-7FE53541F888;III;8.0;60.0
Traject1;659A4AE1-E54F-4F22-BAF6-084C3F2F3E7A;IV;8.0;85.0
Traject2;659A4AE1-E54F-4F22-BAF6-084C3F2F3E7A;IV;8.0;85.0
Traject1;1DAD28D3-D9D6-4479-9003-A0B9AE15486F;III;6.0;61.0
Traject2;1DAD28D3-D9D6-4479-9003-A0B9AE15486F;III;6.0;61.0
Traject1;24867981-736F-44BC-AB58-AA76923F4BE5;II;5.0;39.0
Traject2;24867981-736F-44BC-AB58-AA76923F4BE5;II;5.0;39.0
Traject1;24867981-736F-44BC-AB58-AA76923F4BE5;II;6.0;40.0
Traject2;24867981-736F-44BC-AB58-AA76923F4BE5;II;6.0;40.0
Traject1;FF419132-CE0C-4F04-A79A-6007EB52901A;Va;10.0;81.0
Traject2;FF419132-CE0C-4F04-A79A-6007EB52901A;Va;10.0;81.0
Traject1;D4906841-7D49-4763-801E-0F07F510FE1F;IV;6.0;84.0
Traject2;D4906841-7D49-4763-801E-0F07F510FE1F;IV;6.0;84.0
Traject1;427E9475-86FF-4EE8-8C0C-9BF29B8A8F60;I;5.0;39.0
Traject2;427E9475-86FF-4EE8-8C0C-9BF29B8A8F60;I;5.0;39.0
Traject1;D4416E0A-4C10-4CD0-8B76-6ED648CEF4C7;III;6.0;59.0
Traject2;D4416E0A-4C10-4CD0-8B76-6ED648CEF4C7;III;6.0;59.0
Traject1;605B9990-4EE6-4EE6-B82C-8E4EC10CB832;I;5.0;23.0
Traject2;605B9990-4EE6-4EE6-B82C-8E4EC10CB832;I;5.0;23.0
Traject1;5157D6F7-B42A-457C-821F-74A71EE31A2C;III;6.0;57.0
Traject2;5157D6F7-B42A-457C-821F-74A71EE31A2C;III;6.0;57.0
Traject1;2668F60A-E6B1-4E50-90FA-20495D1E8B6A;-1;nan;nan
Traject2;2668F60A-E6B1-4E50-90FA-20495D1E8B6A;-1;nan;nan
Traject1;2C0F5E64-64C6-40CC-9824-DE9C337D94C5;IV;9.0;73.0
Traject2;2C0F5E64-64C6-40CC-9824-DE9C337D94C5;IV;9.0;73.0
Traject1;F79C7C17-C573-40A8-8470-E001B1F16A3A;Va;10.0;85.0
Traject2;F79C7C17-C573-40A8-8470-E001B1F16A3A;Va;10.0;85.0
Traject1;1483E0DE-4C40-4F26-A287-A6EDE03B19CD;IV;8.0;88.0
Traject2;1483E0DE-4C40-4F26-A287-A6EDE03B19CD;IV;8.0;88.0
Traject1;DE08C8B4-BFAC-416A-8DA0-FB9766E3F919;Va;10.0;78.0
Traject2;DE08C8B4-BFAC-416A-8DA0-FB9766E3F919;Va;10.0;78.0
Traject1;39BFACCD-CC34-4097-9964-BCBBC9BFA451;III;7.0;67.0
Traject2;39BFACCD-CC34-4097-9964-BCBBC9BFA451;III;7.0;67.0
Traject1;1374E71E-CD83-4E33-8FAA-BD33555FC67F;I;5.0;39.0
Traject2;1374E71E-CD83-4E33-8FAA-BD33555FC67F;I;5.0;39.0
Traject1;DF08FC64-B734-4742-87B0-A2DCD3D28AAD;IV;9.0;84.0
Traject2;DF08FC64-B734-4742-87B0-A2DCD3D28AAD;IV;9.0;84.0
Traject1;B64B1A7B-21C7-4A48-927B-BDFE1075FBF8;IV;6.0;85.0
Traject2;B64B1A7B-21C7-4A48-927B-BDFE1075FBF8;IV;6.0;85.0
Traject1;2BC6C6CF-8112-4CC3-8728-648FA5C5FEEE;III;8.0;73.0
Traject2;2BC6C6CF-8112-4CC3-8728-648FA5C5FEEE;III;8.0;73.0
Traject1;FE5F483D-E7CE-44BB-BEC9-F772F330FFDB;III;5.0;55.0
Traject2;FE5F483D-E7CE-44BB-BEC9-F772F330FFDB;III;5.0;55.0
Traject1;7EEA3DC9-7512-4E78-9564-558F01C419F5;I;5.0;39.0
Traject2;7EEA3DC9-7512-4E78-9564-558F01C419F5;I;5.0;39.0
Traject1;893909D4-9A1A-4C44-AF24-905229363DCC;II;6.0;38.0
Traject2;893909D4-9A1A-4C44-AF24-905229363DCC;II;6.0;38.0
